change_id,ahc_cluster
I8b7b362d87f7df622afdd6d57923266cfeb3ca51,1
Ic434c7408affdbcf64cea452603a524f192eb55b,1
Ie20b9d04978d99a0f730de095fa964ec42bbfe2c,1
I747c0a699c10c0ce7f0296dbb8966ef5f4a64bd0,1
I45da546c62a44d98027103bb400a32a26f96d0d1,1
I51fae5da48588bbbaeb64ad29cf4ca95ec802c77,0
I5f1bda2a0b55d536bd43a5ebe192b48b20f3ff00,0
I07141ab088b092b677036571a1ec9e10e4d1fcbf,0
Ie23273274bc60ce6ac53a12ff92ad529bd0339a7,0
I4368323729708da8b7bfc08ef7216bcaeaf88a52,2
Ic37c2b6eb89b52b533e34dd117b9635b9608bab2,2
Ic08fefadb7a2ff594dc2788dfc9cf9e0cc528a71,1
Idcd4865fbf13d08d08e9f880187339e0c63b4463,0
I334227c1f2ff6f5c997f31160d983f8ef0009e7f,0
I210916fbe07f74aaa5835bf2c88e764b010c6d61,0
Ibe66e8c82c8d09c8d930bf1c27171933aa1c4181,0
Icda875d3c6f03ffd29395ac5ce932475cc629361,0
I3802752bf9f02f556f2877702652641c221aaaf2,0
Icd7610a3b7415838f632579deb2cd2cc505b44a8,0
Ia0d15eb3e235fbd750b818009b5168c61c6ff0ec,0
I3f74df0f9a4c596065f0ef97e5e8fd9cae7a69fc,0
I06fcc1c597b97e7d499756d2108b4fc7fea9788c,0
Ie96776aba2399b90cfbc113782c720a157458bc3,0
I22a61ee67181e92514a447de16b09a88239435f9,2
I7ac1d7eeee681995e6c284e2dd4595a33d044af4,0
I17aa4938e41bfc070317fbb92ccea10f2db4d24d,0
I10bcc909df42ee7f51f2135b60fbb33c135f2554,0
Ib445099a4a3d113cff6b1ffdfd093fe41c34716b,0
I5d382d19f982d02ba3c0fda5d1596aed2c38f13c,0
I1c185ece4b781bf6db7c82697cd5225d98c82651,0
I97461780a6c46f601bce9490315cd5cbea9505d4,0
I56d4a1555b95792c539cc3ab464b528a5ffa2523,0
Ice59f2b5ec20dac9d1b0891ccbd83dbbcd308078,0
I893852bf48e31b36a028f9ee282d47a627bb0086,0
Ie93ed496e1f0e2a1711284ab205c6b245f71647c,0
I473882a840c308c491c13bad5d1cbe953324ab28,0
I7a94a1ada35526c5eda1b793f872e206b4c833ad,0
Ia6a919192316e27e64b2bf9f43eab87671ba8936,0
I0f028d48ccad4e1420e043eb0ab8aeab88ed0b88,0
I73012059dd403528ff850350256b379e89c6fac5,0
I9927c1008d34370b9394aaf653afb575f69f2d45,0
Ibcd758cebc0692b04b162cdfc3e06eceb86b17da,0
If99b94ddcd44a5c2426e646be149078a3b9773b6,0
